название,цена,ссылка
Светильник потолочный Matthew,4990руб.,https://www.divan.ru/product/svetilnik-potolochnyj-matthew
Светильник потолочный Парма White,5090руб.,https://www.divan.ru/product/svetilnik-potolochnyj-parma-white
Светильник потолочный Лима-1 Black,2590руб.,https://www.divan.ru/product/svetilnik-potolochnyj-lima-1-black
Светильник потолочный Copter,6990руб.,https://www.divan.ru/product/svetilnik-potolochnyj-copter
Светильник потолочный Линг White,7690руб.,https://www.divan.ru/product/svetilnik-potolochnyj-ling-white
Светильник потолочный Банджи Black,6300руб.,https://www.divan.ru/product/svetilnik-potolochnyj-bandji-black
Светильник потолочный Банджи White,7990руб.,https://www.divan.ru/product/svetilnik-potolochnyj-bandji-white
Светильник потолочный Кантур Grafit,36 990руб.,https://www.divan.ru/product/svetilnik-potolochnyj-kantur-grafit
Светильник потолочный Линг Black,7690руб.,https://www.divan.ru/product/svetilnik-potolochnyj-ling-black
Светильник потолочный Атрани Black,4490руб.,https://www.divan.ru/product/svetilnik-potolochnyj-atrani-black
Спот Лайт-1 Black,2390руб.,https://www.divan.ru/product/spot-lajt-1-black
Спот Лайт-1 Grey,2390руб.,https://www.divan.ru/product/spot-lajt-1-grey
Спот Лайт-2 Black,3190руб.,https://www.divan.ru/product/spot-lajt-2-black
Спот Лайт-2 White,3190руб.,https://www.divan.ru/product/spot-lajt-2-white
Светильник потолочный Элси Black,790руб.,https://www.divan.ru/product/svetilnik-potolochnyj-elsi-black
